102	Tohoku University	东北大学	日本	68.4
103	Queen Mary University of London	伦敦玛丽女王大学	英国	68.3
104	RWTH Aachen University	亚琛工业大学	德国	68.0
105	Technical University of Denmark	丹麦技术大学	丹麦	67.8
106	Pohang University of Science and Technology (POSTECH)	浦项科技大学	韩国	67.7
107	King Saud University	沙特国王大学	沙特阿拉伯	67.4
108	Sungkyunkwan University	成均馆大学	韩国	67.3
109	Qatar University	卡塔尔大学	卡塔尔	67.2
110	Karlsruhe Institute of Technology	卡尔斯鲁厄理工学院	德国	67.0
111	Sapienza University of Rome	罗马大学	意大利	66.7
111	University of Southampton	南安普敦大学	英国	66.7
113	University of Waterloo	滑铁卢大学	加拿大	66.6
113	Utrecht University	乌得勒支大学	荷兰	66.6
115	Lomonosov Moscow State University	莫斯科国立大学	俄罗斯	65.9
115	University of St Andrews	圣安德鲁斯大学	英国	65.9
118	Indian Institute of Technology Delhi	德里印度理工学院	印度	65.7
119	Leiden University	莱顿大学	荷兰	65.6
119	Pontificia Universidad Católica de Chile	智利天主教大学	智利	65.6
119	RMIT University	皇家墨尔本理工大学	澳大利亚	65.6
122	Rice University	莱斯大学	美国	65.5
123	University of Bologna	博洛尼亚大学	意大利	65.3
123	University of Helsinki	赫尔辛基大学	芬兰	65.3
125	University of Bath	巴斯大学	英国	65.1
126	Aalto University	阿尔托大学	芬兰	65.0
126	Macquarie University	麦考瑞大学	澳大利亚	65.0
128	Aarhus University	奥胡斯大学	丹麦	64.9
128	Universiti Sains Malaysia	马来西亚理科大学	马来西亚	64.9
130	National University of Malaysia	马来西亚国民大学	马来西亚	64.6
131	University of Oslo	奥斯陆大学	挪威	64.3
131	University of Wisconsin-Madison	威斯康星大学麦迪逊分校	美国	64.3
133	University of São Paulo	圣保罗大学	巴西	64.1
134	Indian Institute of Technology Bombay	印度理工学院孟买分校	印度	63.9
134	University of Science and Technology of China	中国科学技术大学	中国内地	63.9
136	University of Exeter	埃克塞特大学	英国	63.5
137	University of California, Davis	加利福尼亚大学戴维斯分校	美国	63.0
138	Universiti Putra Malaysia	博特拉大学	马来西亚	62.9
139	University of Liverpool	利物浦大学	英国	62.8
140	Humboldt University of Berlin	柏林洪堡大学	德国	62.6
140	University of Vienna	维也纳大学	奥地利	62.6
142	Georgia Institute of Technology	佐治亚理工学院	美国	62.5
142	National Tsing Hua University	国立清华大学	中国台湾	62.5
142	Western University	韦仕敦大学	加拿大	62.5
145	National Autonomous University of Mexico	墨西哥国立自治大学	墨西哥	62.3
146	Tongji University	同济大学	中国内地	62.2
147	Khalifa University	哈利法大学	阿联酋	62.0
148	Erasmus University Rotterdam	伊拉斯姆斯大学	荷兰	61.9
149	Newcastle University	纽卡斯尔大学	英国	61.6
150	Ghent University	根特大学	比利时	61.5
150	University of Basel	巴塞尔大学	瑞士	61.5
152	Eindhoven University of Technology	埃因霍温理工大学	荷兰	61.4
153	University of Southern California	南加州大学	美国	61.3
154	Wageningen University & Research	瓦赫宁根大学	荷兰	61.1
155	Hanyang University	汉阳大学	韩国	60.9
156	Nagoya University	名古屋大学	日本	60.8
157	University of Groningen	格罗宁根大学	荷兰	60.7
158	Technische Universität Berlin	柏林工业大学	德国	60.6
158	University of Technology Malaysia	马来西亚理工大学	马来西亚	60.6
158	University of North Carolina at Chapel Hill	北卡罗来纳大学教堂山分校	美国	60.6
158	University of York	约克大学	英国	60.6
162	Université de Montréal	蒙特利尔大学	加拿大	60.4
162	Washington University in St. Louis	圣路易斯华盛顿大学	美国	60.4
164	Lancaster University	兰卡斯特大学	英国	60.3
165	Universitat de Barcelona	巴塞罗那大学	西班牙	60.1
165	Wuhan University	武汉大学	中国内地	60.1
167	Stockholm University	斯德哥尔摩大学	瑞典	59.8
168	University of Geneva	日内瓦大学	瑞士	59.7
169	Texas A&M University	得克萨斯农工大学	美国	59.5
170	Indian Institute of Technology Madras	印度理工学院马德拉斯分校	印度	59.3
171	Kyushu University	九州大学	日本	58.8
172	Arizona State University	亚利桑那州立大学	美国	58.4
173	University of California, Santa Barbara	加利福尼亚大学圣巴巴拉分校	美国	58.3
174	Chalmers University of Technology	查尔姆斯理工大学	瑞典	58.2
174	McMaster University	麦克马斯特大学	加拿大	58.2
174	Queen's University Belfast	贝尔法斯特女王大学	英国	58.2
177	Al-Farabi Kazakh National University	阿里·法拉比哈萨克国立大学	哈萨克斯坦	57.9
177	National Yang Ming Chiao Tung University	阳明交通大学	中国台湾	57.9
179	Cardiff University	卡迪夫大学	英国	57.6
179	Hokkaido University	北海道大学	日本	57.6
179	Queen's University	皇后大学	加拿大	57.6
182	Michigan State University	密歇根州立大学	美国	57.4
183	Emory University	埃默里大学	美国	57.3
184	University of Cape Town	开普敦大学	南非	57.2
185	Technische Universität Dresden	德累斯顿工业大学	德国	57.1
185	University of Chile	智利大学	智利	57.1
185	Vrije Universiteit Amsterdam	阿姆斯特丹自由大学	荷兰	57.1
188	Tecnológico de Monterrey	蒙特雷科技大学	墨西哥	57.0
189	Curtin University	科廷大学	澳大利亚	56.9
190	Harbin Institute of Technology	哈尔滨工业大学	中国内地	56.8
191	National Cheng Kung University	国立成功大学	中国台湾	56.7
191	TU Wien	维也纳工业大学	奥地利	56.7
191	University of Indonesia	印度尼西亚大学	印度尼西亚	56.7
191	University of Bern	伯尔尼大学	瑞士	56.7
195	University of Wollongong	伍伦贡大学	澳大利亚	56.6
196	UCLouvain	天主教鲁汶大学（法语）	比利时	56.5
196	University of Reading	雷丁大学	英国	56.5
198	University of Otago	奥塔哥大学	新西兰	56.3
199	Universidad Complutense de Madrid	马德里康普顿斯大学	西班牙	56.2
200	King Abdulaziz University	阿卜杜勒-阿齐兹国王大学	沙特阿拉伯	55.9
201	The Ohio State University	俄亥俄州立大学	美国	55.7
201	Waseda University	早稻田大学	日本	55.7
203	Loughborough University	拉夫堡大学	英国	55.5
204	University of Padua	帕多瓦大学	意大利	55.4
205	Indian Institute of Technology Kharagpur	印度理工学院哈拉格布尔分校	印度	55.1
206	Universitas Gadjah Mada	加查马达大学	印度尼西亚	55.0
206	Politecnico di Torino	都灵理工大学	意大利	55.0
208	Tel Aviv University	特拉维夫大学	以色列	54.9
209	University of Bonn	波恩大学	德国	54.8
209	Universität Hamburg	汉堡大学	德国	54.8
211	Universitat Autònoma de Barcelona	巴塞罗那自治大学	西班牙	54.7
212	Chulalongkorn University	朱拉隆功大学	泰国	54.6
213	Hamad Bin Khalifa University	哈马德·本·哈利法大学	卡塔尔	54.5
213	Keio University	庆应义塾大学	日本	54.5
215	Massey University	梅西大学	新西兰	54.4
216	Hong Kong Baptist University	香港浸会大学	中国香港	54.3
217	United Arab Emirates University	阿联酋大学	阿联酋	54.2
218	Friedrich-Alexander-Universität Erlangen-Nürnberg	埃尔朗根-纽伦堡大学	德国	54.0
218	Hebrew University of Jerusalem	耶路撒冷希伯来大学	以色列	54.0
220	University College Cork	科克大学学院	爱尔兰	53.9
221	Indian Institute of Science Bangalore	印度科学理工学院	印度	53.8
221	Indian Institute of Technology Kanpur	印度理工学院坎普尔分校	印度	53.8
223	American University of Beirut	贝鲁特美国大学	黎巴嫩	53.7
223	University of Twente	特文特大学	荷兰	53.7
225	University of Gothenburg	哥德堡大学	瑞典	53.4
226	Universidad Autónoma de Madrid	马德里自治大学	西班牙	53.3
227	Deakin University	迪肯大学	澳大利亚	53.2
228	University of Florida	佛罗里达大学	美国	53.1
228	University of Ottawa	渥太华大学	加拿大	53.1
230	University of Tübingen	蒂宾根大学	德国	53.0
230	Griffith University	格里菲斯大学	澳大利亚	53.0
230	University of Strathclyde	斯特拉斯克莱德大学	英国	53.0
233	Universidad de los Andes	安第斯大学	哥伦比亚	52.8
233	University of Lausanne	洛桑大学	瑞士	52.8
235	École normale supérieure de Lyon	里昂高等师范学院	法国	52.7
235	Tianjin University	天津大学	中国内地	52.7
237	Beijing Normal University	北京师范大学	中国内地	52.5
237	University of Lisbon	里斯本大学	葡萄牙	52.5
239	Central European University	中欧大学	奥地利	52.4
240	Queensland University of Technology	昆士兰科技大学	澳大利亚	52.3
241	La Trobe University	乐卓博大学	澳大利亚	52.2
241	Victoria University of Wellington	惠灵顿维多利亚大学	新西兰	52.2
243	Beijing Institute of Technology	北京理工大学	中国内地	52.0
244	University of Newcastle	纽卡斯尔大学	澳大利亚	51.9
245	University of Freiburg	弗莱堡大学	德国	51.8
246	Université Paris 1 Panthéon-Sorbonne	巴黎第一大学	法国	51.7
246	University of Surrey	萨里大学	英国	51.7
248	Université libre de Bruxelles	布鲁塞尔自由大学（法语）	比利时	51.6
249	University of Calgary	卡尔加里大学	加拿大	51.5
250	Technische Universität Darmstadt	达姆施塔特工业大学	德国	51.3
251	University of Rochester	罗切斯特大学	美国	51.2
252	University of California, Irvine	加利福尼亚大学欧文分校	美国	51.0
252	University of Maryland, College Park	马里兰大学帕克分校	美国	51.0
254	Maastricht University	马斯特里赫特大学	荷兰	50.9
255	University of Minnesota	明尼苏达大学	美国	50.7
255	Universidade do Porto	波尔图大学	葡萄牙	50.7
257	University of Canterbury	坎特伯雷大学	新西兰	50.6
258	American University of Sharjah	沙迦美国大学	阿联酋	50.4
258	Sun Yat-sen University	中山大学	中国内地	50.4
260	University of Massachusetts Amherst	马萨诸塞大学阿默斯特分校	美国	50.1
261	Universiti Teknologi PETRONAS	国油大学	马来西亚	49.9
261	University of Göttingen	哥廷根大学	德国	49.9
263	Universitat Pompeu Fabra	庞培法布拉大学	西班牙	49.7
264	Norwegian University of Science and Technology	挪威科技大学	挪威	49.6
265	Vanderbilt University	范德比尔特大学	美国	49.3
266	Singapore University of Technology and Design	新加坡科技设计大学	新加坡	49.2
267	University of Macau	澳门大学	中国澳门	49.1
268	University of Virginia	弗吉尼亚大学	美国	49.0
269	University of Cologne	科隆大学	德国	48.9
270	Dartmouth College	达特茅斯学院	美国	48.5
270	University of Milan	米兰大学	意大利	48.5
272	Taylor's University	泰莱大学	马来西亚	48.4
273	Charles University	布拉格查理大学	捷克	48.2
273	University of Sussex	萨塞克斯大学	英国	48.2
275	University of Galway	高威大学	爱尔兰	48.1
276	Airlangga University	艾尔朗加大学	印度尼西亚	48.0
277	Universidade Estadual de Campinas (UNICAMP)	坎皮纳斯州立大学	巴西	47.9
277	University of Antwerp	安特卫普大学	比利时	47.9
279	Istanbul Technical University	伊斯坦布尔理工大学	土耳其	47.6
279	University of Navarra	纳瓦拉大学	西班牙	47.6
279	University of Pittsburgh	匹兹堡大学	美国	47.6
282	UCSI University	思特雅大学	马来西亚	47.4
283	Radboud University	拉德堡德大学	荷兰	47.3
283	University of Bergen	卑尔根大学	挪威	47.3
283	University of Sharjah	沙迦大学	阿联酋	47.3
283	University of Southern Denmark	南丹麦大学	丹麦	47.3
287	Bandung Institute of Technology	万隆理工学院	印度尼西亚	47.2
288	University of Aberdeen	阿伯丁大学	英国	47.1
289	Georgetown University	乔治城大学	美国	47.0
289	University of Warsaw	华沙大学	波兰	47.0
291	Swinburne University of Technology	斯威本科技大学	澳大利亚	46.7
292	University of Johannesburg	约翰内斯堡大学	南非	46.5
293	Universidad Nacional de Colombia	哥伦比亚国立大学	哥伦比亚	46.4
293	University of Waikato	怀卡托大学	新西兰	46.4
295	Vrije Universiteit Brussel	布鲁塞尔自由大学（荷语）	比利时	46.3
296	Stellenbosch University	斯泰伦博斯大学	南非	46.2
296	Xi'an Jiaotong University	西安交通大学	中国内地	46.2
298	Dalhousie University	戴尔豪斯大学	加拿大	46.1
299	Ulsan National Institute of Science and Technology	蔚山国立科学技术院	韩国	46.0
300	Sichuan University	四川大学	中国内地	45.9
300	University of Notre Dame	圣母大学	美国	45.9
