101	Aarhus University	奥胡斯大学	丹麦	66.2
102	Emory University	埃默里大学	美国	65.9
103	Rice University	莱斯大学	美国	65.8
103	Tohoku University	东北大学（日本）	日本	65.8
105	Michigan State University	密歇根州立大学	美国	65.7
105	University of Helsinki	赫尔辛基大学	芬兰	65.7
107	Erasmus University Rotterdam	鹿特丹伊拉斯姆斯大学	荷兰	65.6
108	Ohio State University (Main campus)	俄亥俄州立大学	美国	65.4
108	Penn State (Main campus)	宾夕法尼亚州立大学	美国	65.4
108	University of Bern	伯尔尼大学	瑞士	65.4
108	University of Sheffield	谢菲尔德大学	英国	65.4
112	University of Massachusetts	马萨诸塞大学	美国	65.3
113	Free University of Berlin	柏林自由大学	德国	65.2
113	University of Oslo	奥斯陆大学	挪威	65.2
115	Ghent University	根特大学	比利时	65.1
116	McMaster University	麦克马斯特大学	加拿大	65.0
116	University of Maryland, College Park	马里兰大学帕克分校	美国	65.0
118	University of Leeds	利兹大学	英国	64.9
119	University of Alberta	阿尔伯塔大学	加拿大	64.6
120	University of Basel	巴塞尔大学	瑞士	64.5
121	Technical University of Denmark	丹麦技术大学	丹麦	64.4
122	University of Göttingen	哥廷根大学	德国	64.1
122	University of Warwick	华威大学	英国	64.1
122	Wuhan University	武汉大学	中国内地	64.1
125	University of Hamburg	汉堡大学	德国	63.7
125	University of Lausanne	洛桑大学	瑞士	63.7
127	University of Rochester	罗切斯特大学	美国	63.6
128	Uppsala University	乌普萨拉大学	瑞典	63.5
129	University of Southampton	南安普顿大学	英国	63.4
130	University of Bologna	博洛尼亚大学	意大利	63.3
131	Harbin Institute of Technology	哈尔滨工业大学	中国内地	63.2
131	Maastricht University	马斯特里赫特大学	荷兰	63.2
133	Adelaide University	阿德莱德大学	澳大利亚	63
133	Lomonosov Moscow State University	莫斯科罗蒙诺索夫国立大学	俄罗斯	63.0
134	Beijing Normal University	北京师范大学	中国内地	62.9
134	Queen Mary University of London	伦敦玛丽女王大学	英国	62.9
134	University of Florida	佛罗里达大学	美国	62.9
137	Scuola Normale Superiore di Pisa	比萨高等师范学校	意大利	62.8
138	University of Arizona	亚利桑那大学	美国	62.6
138	University of Freiburg	弗莱堡大学	德国	62.6
140	National Taiwan University (NTU)	台湾大学	中国台湾	62.5
141	Pohang University of Science and Technology (POSTECH)	浦项科技大学	韩国	62.3
141	Tongji University	同济大学	中国内地	62.3
143	University of Liverpool	利物浦大学	英国	62.2
144	Newcastle University	纽卡斯尔大学	英国	62.1
145	Case Western Reserve University	凯斯西储大学	美国	62.0
145	University of Barcelona	巴塞罗那大学	西班牙	62.0
145	University of Macau	澳门大学	中国澳门	62.0
145	University of Nottingham	诺丁汉大学	英国	62.0
145	University of Technology Sydney	悉尼科技大学	澳大利亚	62.0
150	Université de Montréal	蒙特利尔大学	加拿大	61.9
151	Texas A&M University	得克萨斯A&M大学	美国	61.8
151	The University of Osaka	大阪大学	日本	61.8
153	The University of Western Australia	西澳大学	澳大利亚	61.7
154	Radboud University Nijmegen	拉德堡德大学	荷兰	61.5
154	University of York	约克大学	英国	61.5
156	Korea University	高丽大学	韩国	61.4
156	University of Auckland	奥克兰大学	新西兰	61.4
156	University of Pittsburgh-Pittsburgh campus	匹兹堡大学	美国	61.4
159	University of Colorado Boulder	科罗拉多大学博尔德分校	美国	61.3
160	Southern University of Science and Technology (SUSTech)	南方科技大学	中国内地	61.0
160	Technical University of Berlin	柏林工业大学	德国	61.0
162	University of St Andrews	圣安德鲁斯大学	英国	60.9
162	University of Waterloo	滑铁卢大学	加拿大	60.9
164	University of Cape Town	开普敦大学	南非	60.8
164	University of Cologne	科隆大学	德国	60.8
166	Institute of Science Tokyo	东京科学大学	日本	60.7
166	Karlsruhe Institute of Technology	卡尔斯鲁厄理工学院	德国	60.7
166	Macquarie University	麦考瑞大学	澳大利亚	60.7
166	University of Geneva	日内瓦大学	瑞士	60.7
166	University of Virginia (Main campus)	弗吉尼亚大学	美国	60.7
170	Sapienza University of Rome	罗马大学	意大利	60.6
170	University of Antwerp	安特卫普大学	比利时	60.6
170	University of Exeter	埃克塞特大学	英国	60.6
173	Trinity College Dublin	都柏林圣三一大学	爱尔兰	60.5
174	TU Dresden	德累斯顿工业大学	德国	60.4
175	Durham University	杜伦大学	英国	60.3
176	Huazhong University of Science and Technology	华中科技大学	中国内地	60.2
176	Vrije Universiteit Amsterdam	阿姆斯特丹自由大学	荷兰	60.2
179	University of Würzburg	维尔茨堡大学	德国	60.1
180	Dartmouth College	达特茅斯学院	美国	60.0
181	Medical University of Vienna	维也纳医科大学	奥地利	59.9
181	University of California, Santa Cruz	加州大学圣克鲁兹分校	美国	59.9
183	Universitat Autònoma de Barcelona (UAB)	巴塞罗那自治大学	西班牙	59.8
184	KFUPM	法赫德国王石油与矿业大学	沙特阿拉伯	59.7
184	Lancaster University	兰卡斯特大学	英国	59.7
184	Université Catholique de Louvain	天主教鲁汶大学（法语区）	比利时	59.7
187	Pompeu Fabra University	庞培法布拉大学	西班牙	59.5
187	University of Ottawa	渥太华大学	加拿大	59.5
189	Tufts University	塔夫茨大学	美国	59.4
190	Université Paris Cité	巴黎西岱大学	法国	59.3
190	University of Twente	特文特大学	荷兰	59.3
192	Eindhoven University of Technology	埃因霍温理工大学	荷兰	59.2
192	University of Leicester	莱斯特大学	英国	59.2
194	University of Notre Dame	圣母大学	美国	59.1
195	Aalto University	阿尔托大学	芬兰	59.0
195	The Education University of Hong Kong	香港教育大学	中国香港	59.0
195	University of Münster	明斯特大学	德国	59.0
198	Indiana University	印第安纳大学	美国	58.8
198	Queen’s University Belfast	贝尔法斯特女王大学	英国	58.8
200	University of Calgary	卡尔加里大学	加拿大	58.7
201-250	Abu Dhabi University	阿布扎比大学	阿联酋	56.4-58.6
201-250	Arizona State University (Tempe)	亚利桑那州立大学	美国	56.4-58.6
201-250	Beijing Institute of Technology	北京理工大学	中国内地	56.4-58.6
201-250	Cardiff University	卡迪夫大学	英国	56.4-58.6
201-250	Chalmers University of Technology	查尔姆斯理工大学	瑞典	56.4-58.6
201-250	Deakin University	迪肯大学	澳大利亚	56.4-58.6
201-250	Friedrich Schiller University Jena	耶拿大学	德国	56.4-58.6
201-250	Georgetown University	乔治城大学	美国	56.4-58.6
201-250	George Washington University	乔治·华盛顿大学	美国	56.4-58.6
201-250	Goethe University Frankfurt	法兰克福歌德大学	德国	56.4-58.6
201-250	Hong Kong Baptist University	香港浸会大学	中国香港	56.4-58.6
201-250	Indian Institute of Science	印度科学学院	印度	56.4-58.6
201-250	Khalifa University	哈利法大学	阿联酋	56.4-58.6
201-250	Linköping University	林雪平大学	瑞典	56.4-58.6
201-250	Medical University of Graz	格拉茨医科大学	奥地利	56.4-58.6
201-250	Medical University of Innsbruck	因斯布鲁克医科大学	奥地利	56.4-58.6
201-250	Nagoya University	名古屋大学	日本	56.4-58.6
201-250	Northeastern University, US	美国东北大学	美国	56.4-58.6
201-250	Politecnico di Milano	米兰理工大学	意大利	56.4-58.6
201-250	Qatar University	卡塔尔大学	卡塔尔	56.4-58.6
201-250	Queensland University of Technology	昆士兰科技大学	澳大利亚	56.4-58.6
201-250	Sant’Anna School of Advanced Studies – Pisa	比萨圣安娜高等研究学院	意大利	56.4-58.6
201-250	Sichuan University	四川大学	中国内地	56.4-58.6
201-250	Stockholm University	斯德哥尔摩大学	瑞典	56.4-58.6
201-250	Sun Yat-sen University	中山大学	中国内地	56.4-58.6
201-250	Tel Aviv University	特拉维夫大学	以色列	56.4-58.6
201-250	Tianjin University	天津大学	中国内地	56.4-58.6
201-250	Ulsan National Institute of Science and Technology (UNIST)	蔚山国立科学技术院	韩国	56.4-58.6
201-250	United Arab Emirates University	阿联酋大学	阿联酋	56.4-58.6
201-250	Université Libre de Bruxelles	布鲁塞尔自由大学（法语区）	比利时	56.4-58.6
201-250	Universiti Teknologi Petronas	PETRONAS马来西亚理工大学	马来西亚	56.4-58.6
201-250	University College Dublin	都柏林大学	爱尔兰	56.4-58.6
201-250	University of Aberdeen	阿伯丁大学	英国	56.4-58.6
201-250	University of Erlangen-Nuremberg	埃尔朗根-纽伦堡大学	德国	56.4-58.6
201-250	University of Gothenburg	哥德堡大学	瑞典	56.4-58.6
201-250	University of Illinois Chicago	伊利诺伊大学芝加哥分校	美国	56.4-58.6
201-250	University of Malaya	马来亚大学	马来西亚	56.4-58.6
201-250	University of Mannheim	曼海姆大学	德国	56.4-58.6
201-250	University of Miami	迈阿密大学	美国	56.4-58.6
201-250	University of Padua	帕多瓦大学	意大利	56.4-58.6
201-250	University of Potsdam	波茨坦大学	德国	56.4-58.6
201-250	University of Reading	雷丁大学	英国	56.4-58.6
201-250	University of São Paulo	圣保罗大学	巴西	56.4-58.6
201-250	University of Surrey	萨里大学	英国	56.4-58.6
201-250	University of Sussex	萨塞克斯大学	英国	56.4-58.6
201-250	University of Utah	犹他大学	美国	56.4-58.6
201-250	University of Wollongong	伍伦贡大学	澳大利亚	56.4-58.6
201-250	Vrije Universiteit Brussel	弗拉芒布鲁塞尔自由大学	比利时	56.4-58.6
201-250	Western University	韦仕敦大学	加拿大	56.4-58.6
201-250	Xi’an Jiaotong University	西安交通大学	中国内地	56.4-58.6
251-300	Aalborg University	奥尔堡大学	丹麦	54.3-56.3
251-300	Beihang University	北京航空航天大学	中国内地	54.3-56.3
251-300	Boston College	波士顿学院	美国	54.3-56.3
251-300	Central European University	中欧大学	奥地利	54.3-56.3
251-300	Central South University	中南大学	中国内地	54.3-56.3
251-300	Curtin University	科廷大学	澳大利亚	54.3-56.3
251-300	East China Normal University	华东师范大学	中国内地	54.3-56.3
251-300	Griffith University	格里菲斯大学	澳大利亚	54.3-56.3
251-300	Hanyang University	汉阳大学	韩国	54.3-56.3
251-300	Hebrew University of Jerusalem	耶路撒冷希伯来大学	以色列	54.3-56.3
251-300	Heinrich Heine University Düsseldorf	杜塞尔多夫大学	德国	54.3-56.3
251-300	Humanitas University	Humanitas大学（米兰）	意大利	54.3-56.3
251-300	Hunan University	湖南大学	中国内地	54.3-56.3
251-300	King Khalid University	哈立德国王大学	沙特阿拉伯	54.3-56.3
251-300	King Saud University	沙特国王大学	沙特阿拉伯	54.3-56.3
251-300	Kyung Hee University	庆熙大学	韩国	54.3-56.3
251-300	La Trobe University	乐卓博大学	澳大利亚	54.3-56.3
251-300	Lebanese American University	黎巴嫩美国大学	黎巴嫩	54.3-56.3
251-300	LUT University	LUT大学（芬兰）	芬兰	54.3-56.3
251-300	Macau University of Science and Technology	澳门科技大学	中国澳门	54.3-56.3
251-300	Nankai University	南开大学	中国内地	54.3-56.3
251-300	Northwestern Polytechnical University	西北工业大学	中国内地	54.3-56.3
251-300	RCSI University of Medicine and Health Sciences	爱尔兰皇家外科医学院	爱尔兰	54.3-56.3
251-300	RMIT University	皇家墨尔本理工大学	澳大利亚	54.3-56.3
251-300	Ruhr University Bochum	波鸿鲁尔大学	德国	54.3-56.3
251-300	Sejong University	世宗大学	韩国	54.3-56.3
251-300	Semmelweis University	塞麦尔维斯大学	匈牙利	54.3-56.3
251-300	Shandong University	山东大学	中国内地	54.3-56.3
251-300	South China University of Technology	华南理工大学	中国内地	54.3-56.3
251-300	Southeast University	东南大学	中国内地	54.3-56.3
251-300	Southern Medical University	南方医科大学	中国内地	54.3-56.3
251-300	Swinburne University of Technology	斯威本科技大学	澳大利亚	54.3-56.3
251-300	Technical University of Darmstadt	达姆施塔特工业大学	德国	54.3-56.3
251-300	Ulm University	乌尔姆大学	德国	54.3-56.3
251-300	Università Cattolica del Sacro Cuore	天主教圣心大学	意大利	54.3-56.3
251-300	Università della Svizzera italiana	瑞士意大利语区大学	瑞士	54.3-56.3
251-300	University of Bath	巴斯大学	英国	54.3-56.3
251-300	University of Bergen	卑尔根大学	挪威	54.3-56.3
251-300	University of East Anglia	东安格利亚大学	英国	54.3-56.3
251-300	University of Hawai’i at Mānoa	夏威夷大学马诺阿分校	美国	54.3-56.3
251-300	University of Konstanz	康斯坦茨大学	德国	54.3-56.3
251-300	University of Luxembourg	卢森堡大学	卢森堡	54.3-56.3
251-300	University of Navarra	纳瓦拉大学	西班牙	54.3-56.3
251-300	University of Newcastle	纽卡斯尔大学（澳大利亚）	澳大利亚	54.3-56.3
251-300	University of Oulu	奥卢大学	芬兰	54.3-56.3
251-300	University of Southern Denmark	南丹麦大学	丹麦	54.3-56.3
251-300	University of Stuttgart	斯图加特大学	德国	54.3-56.3
251-300	University of Tasmania	塔斯马尼亚大学	澳大利亚	54.3-56.3
251-300	Virginia Polytechnic Institute and State University	弗吉尼亚理工大学	美国	54.3-56.3
251-300	Vita-Salute San Raffaele University	圣拉斐尔生命健康大学	意大利	54.3-56.3
251-300	Xiamen University	厦门大学	中国内地	54.3-56.3
