1	Chinese Academy of Sciences (CAS)	China	3655.1	12822.0
2	Zhejiang University (ZJU)	China	1276.85	3213.0
3	Harvard University	United States of America (USA)	1259.01	4246.0
4	Tsinghua University	China	1213.59	4062.0
5	Shanghai Jiao Tong University (SJTU)	China	1191.47	3301.0
6	University of Science and Technology of China (USTC)	China	1128.58	3763.0
7	Peking University (PKU)	China	1066.49	4264.0
8	University of Chinese Academy of Sciences (UCAS)	China	1055.67	5191.0
9	Nanjing University (NJU)	China	952.65	2609.0
10	Sichuan University (SCU)	China	880.93	1721.0
11	Fudan University	China	872.5	2662.0
12	Sun Yat-sen University (SYSU)	China	839.24	2160.0
13	Max Planck Society	Germany	764.09	3218.0
14	Stanford University	United States of America (USA)	711.53	2348.0
15	Xi'an Jiaotong University (XJTU)	China	708.45	1528.0
16	French National Centre for Scientific Research (CNRS)	France	701.98	5212.0
17	Huazhong University of Science and Technology (HUST)	China	697.95	1527.0
18	Helmholtz Association of German Research Centres	Germany	682.0	3406.0
19	Jilin University (JLU)	China	651.71	1332.0
20	Shandong University (SDU)	China	615.77	1813.0
21	Massachusetts Institute of Technology (MIT)	United States of America (USA)	593.59	2418.0
22	Wuhan University (WHU)	China	588.25	1342.0
23	Tianjin University (TJU)	China	565.88	1792.0
24	Nankai University (NKU)	China	560.46	1554.0
25	Tongji University	China	551.06	1462.0
26	Harbin Institute of Technology (HIT)	China	541.99	1125.0
27	The University of Tokyo (UTokyo)	Japan	530.31	1550.0
28	Central South University (CSU)	China	527.5	1196.0
29	Beijing Institute of Technology (BIT)	China	524.44	1114.0
30	Southern University of Science and Technology (SUSTech)	China	507.54	1461.0
31	Xiamen University (XMU)	China	501.73	1136.0
32	University of Oxford	United Kingdom (UK)	497.98	1984.0
33	South China University of Technology (SCUT)	China	481.52	1060.0
34	University of Cambridge	United Kingdom (UK)	465.44	1716.0
35	Swiss Federal Institute of Technology Zurich (ETH Zurich)	Switzerland	458.51	1357.0
36	University of California, Berkeley (UC Berkeley)	United States of America (USA)	450.89	1708.0
37	University of Michigan (U-M)	United States of America (USA)	450.54	1594.0
38	Dalian University of Technology (DUT)	China	447.69	814.0
39	Soochow University	China	442.18	1069.0
40	National Institutes of Health (NIH)	United States of America (USA)	438.21	1298.0
41	Chongqing University (CQU)	China	434.23	1043.0
42	Hunan University (HNU)	China	433.66	920.0
43	University of California, San Diego (UC San Diego)	United States of America (USA)	427.96	1338.0
44	Southeast University (SEU)	China	420.23	1081.0
45	Yale University	United States of America (USA)	418.99	1485.0
46	University of California, Los Angeles (UCLA)	United States of America (USA)	417.77	1500.0
47	University of Pennsylvania (Penn)	United States of America (USA)	415.14	1440.0
48	University of Toronto (U of T)	Canada	414.87	1397.0
49	National University of Singapore (NUS)	Singapore	412.22	1515.0
50	Northwestern University (NU)	United States of America (USA)	401.97	1180.0
51	Zhengzhou University (ZZU)	China	398.23	1174.0
52	Columbia University in the City of New York (CU)	United States of America (USA)	390.38	1478.0
53	Cornell University	United States of America (USA)	388.32	1349.0
54	University of Washington (UW)	United States of America (USA)	380.67	1680.0
55	Johns Hopkins University (JHU)	United States of America (USA)	377.85	1616.0
56	The University of Chicago (UChicago)	United States of America (USA)	348.19	1313.0
57	Lanzhou University (LZU)	China	347.18	835.0
58	Seoul National University (SNU)	South Korea	333.71	911.0
59	Princeton University	United States of America (USA)	333.33	1132.0
60	Kyoto University	Japan	329.13	949.0
61	Beijing Normal University (BNU)	China	326.11	1197.0
62	Shenzhen University (SZU)	China	324.83	909.0
63	The University of Hong Kong (HKU)	China	322.26	1425.0
64	The University of Texas at Austin (UT Austin)	United States of America (USA)	317.55	1041.0
65	Beihang University (BUAA)	China	314.97	1109.0
66	Imperial College London (ICL)	United Kingdom (UK)	314.68	1466.0
67	City University of Hong Kong (CityU)	China	309.37	1032.0
68	Nanyang Technological University (NTU)	Singapore	307.05	1002.0
69	Fuzhou University (FZU)	China	304.02	816.0
70	University of Wisconsin-Madison (UW-Madison)	United States of America (USA)	303.08	1131.0
71	UCL	United Kingdom (UK)	300.06	1551.0
72	New York University (NYU)	United States of America (USA)	293.0	994.0
73	Beijing University of Chemical Technology (BUCT)	China	292.95	611.0
74	East China University of Science and Technology (ECUST)	China	290.97	848.0
75	Northwestern Polytechnical University (NPU)	China	286.03	705.0
76	Duke University	United States of America (USA)	284.35	1131.0
77	Spanish National Research Council (CSIC)	Spain	277.57	1938.0
78	Washington University in St. Louis (WUSTL)	United States of America (USA)	274.49	905.0
79	People's Liberation Army (PLA)	China	273.67	1245.0
80	Korea Advanced Institute of Science and Technology (KAIST)	South Korea	269.12	585.0
81	The Hong Kong University of Science and Technology (HKUST)	China	268.06	1268.0
82	Leibniz Association	Germany	267.33	1608.0
83	University of California, San Francisco (UCSF)	United States of America (USA)	266.74	1067.0
84	California Institute of Technology (Caltech)	United States of America (USA)	263.53	1049.0
85	North China Electric Power University (NCEPU)	China	260.43	487.0
86	East China Normal University (ECNU)	China	258.63	889.0
87	Swiss Federal Institute of Technology Lausanne (EPFL)	Switzerland	256.76	823.0
88	The Hong Kong Polytechnic University (PolyU)	China	256.71	972.0
89	University of Illinois at Urbana-Champaign (UIUC)	United States of America (USA)	254.56	835.0
90	University of Minnesota (UMN)	United States of America (USA)	254.12	1056.0
91	University of Copenhagen (UCPH)	Denmark	252.12	1145.0
92	Technical University of Munich (TUM)	Germany	251.69	1054.0
93	Donghua University (DHU)	China	240.44	603.0
94	The Chinese University of Hong Kong (CUHK)	China	238.7	985.0
95	McGill University	Canada	230.96	858.0
96	Nanjing Tech University (NanjingTech)	China	230.54	576.0
97	The University of North Carolina at Chapel Hill (UNC)	United States of America (USA)	227.82	1003.0
98	The Pennsylvania State University (Penn State)	United States of America (USA)	225.67	880.0
99	University of Science and Technology Beijing (USTB)	China	221.2	502.0
100	Chinese Academy of Agricultural Sciences (CAAS)	China	220.18	826.0
101	Ocean University of China (OUC)	China	217.81	653.0
102	Jinan University (JNU)	China	217.18	519.0
103	Purdue University	United States of America (USA)	214.84	550.0
104	China University of Geosciences (CUG)	China	213.91	697.0
105	University of Pittsburgh (Pitt)	United States of America (USA)	213.76	978.0
106	Nanchang University (NCU)	China	212.79	508.0
107	University of Southern California (USC)	United States of America (USA)	211.05	708.0
108	Yangzhou University (YZU)	China	210.8	534.0
109	Guangdong University of Technology (GDUT)	China	209.9	526.0
110	Nanjing University of Science and Technology (NUST)	China	206.56	414.0
111	University of Electronic Science and Technology of China (UESTC)	China	204.73	563.0
112	Wuhan University of Technology (WUT)	China	203.35	447.0
113	Monash University	Australia	202.02	973.0
114	Emory University	United States of America (USA)	200.01	743.0
115	Shanghai University (SHU)	China	199.03	526.0
116	The University of British Columbia (UBC)	Canada	199.02	798.0
117	The University of Osaka (UOsaka)	Japan	198.01	614.0
118	Qingdao University of Science and Technology (QUST)	China	196.07	323.0
119	University of Colorado Boulder (CU-Boulder)	United States of America (USA)	194.29	947.0
120	University of California, Davis (UC Davis)	United States of America (USA)	194.26	743.0
121	The Ohio State University (OSU)	United States of America (USA)	193.22	975.0
122	Chinese Academy of Medical Sciences & Peking Union Medical College (CAMS & PUMC)	China	192.49	1051.0
123	Jiangsu University (JSU)	China	192.34	381.0
124	Westlake University	China	191.12	513.0
125	Tohoku University	Japan	190.53	804.0
126	University of Florida (UF)	United States of America (USA)	189.94	969.0
127	China Ministry of Ecology and Environment (MEE)	China	189.84	743.0
128	Russian Academy of Sciences (RAS)	Russia	188.91	566.0
129	Guangxi University (GXU)	China	188.87	454.0
130	Texas A&M University (TAMU)	United States of America (USA)	188.09	767.0
131	The University of Edinburgh	United Kingdom (UK)	187.02	914.0
132	Southwest University (SWU)	China	186.1	403.0
133	Jiangnan University	China	185.92	381.0
134	University of California, Santa Barbara (UCSB)	United States of America (USA)	184.32	614.0
135	National Institute for Nuclear Physics (INFN)	Italy	183.72	893.0
136	University of California, Irvine (UCI)	United States of America (USA)	182.78	618.0
137	Northeastern University (NEU)	China	181.87	342.0
138	Lawrence Berkeley National Laboratory (LBNL)	United States of America (USA)	181.56	886.0
139	Ludwig Maximilians University of Munich (LMU)	Germany	181.43	973.0
140	Hohai University (HHU)	China	180.66	366.0
141	The University of Texas Southwestern Medical Center (UT Southwestern Medical Center)	United States of America (USA)	180.56	561.0
142	ShanghaiTech University	China	180.26	596.0
143	Qingdao University (QU)	China	179.21	376.0
144	The University of Queensland (UQ)	Australia	178.74	746.0
145	University of Zurich (UZH)	Switzerland	178.45	848.0
146	Yonsei University	South Korea	176.75	665.0
147	Vanderbilt University (VU)	United States of America (USA)	175.26	869.0
148	South China Normal University (SCNU)	China	173.34	665.0
149	Catholic University of Leuven (KU Leuven)	Belgium	173.1	635.0
150	China Agricultural University (CAU)	China	171.97	450.0
151	Zhejiang University of Technology (ZJUT)	China	171.48	427.0
152	Mayo Clinic	United States of America (USA)	171.14	586.0
153	University of New South Wales (UNSW Sydney)	Australia	170.95	744.0
154	Henan University (HENU)	China	170.91	588.0
155	The University of Melbourne (UniMelb)	Australia	168.97	923.0
156	Weizmann Institute of Science (WIS)	Israel	168.86	431.0
157	The University of Manchester (UoM)	United Kingdom (UK)	167.49	820.0
158	Anhui University (AHU)	China	167.27	412.0
159	Beijing University of Technology (BJUT)	China	165.93	382.0
160	Aarhus University (AU)	Denmark	165.79	577.0
161	Sungkyunkwan University (SKKU)	South Korea	165.22	658.0
162	Utrecht University (UU)	Netherlands	165.16	819.0
163	Karolinska Institute (KI)	Sweden	164.51	820.0
164	Nanjing Normal University (NNU)	China	163.52	647.0
165	Northeast Normal University (NENU)	China	161.77	291.0
166	University of Alberta (U of A)	Canada	159.41	535.0
167	Boston University (BU)	United States of America (USA)	157.69	918.0
168	Institute of Science Tokyo (Science Tokyo)	Japan	157.45	496.0
169	RIKEN	Japan	156.38	708.0
170	Guizhou University (GZU)	China	156.05	365.0
171	Indiana University (IU)	United States of America (USA)	155.85	785.0
172	Heidelberg University (Uni Heidelberg)	Germany	154.86	850.0
173	The University of Utah (Utah)	United States of America (USA)	153.9	599.0
174	King Abdullah University of Science and Technology (KAUST)	Saudi Arabia	152.45	382.0
175	Shaanxi Normal University (SNNU)	China	152.05	259.0
176	Mount Sinai Health System (MSHS)	United States of America (USA)	150.53	731.0
177	University of Maryland (UMD)	United States of America (USA)	150.13	895.0
178	National Taiwan University (NTU)	Taiwan	148.31	532.0
179	Southern Medical University (SMU)	China	147.92	456.0
180	Hefei University of Technology (HFUT)	China	146.7	308.0
181	Korea University	South Korea	146.68	626.0
182	The University of Sydney (USYD)	Australia	145.95	755.0
183	National Institute for Health and Medical Research (INSERM)	France	145.53	1705.0
184	Georgia Institute of Technology (Georgia Tech)	United States of America (USA)	144.27	499.0
185	Nagoya University	Japan	144.17	527.0
186	Pohang University of Science and Technology (POSTECH)	South Korea	143.56	420.0
187	Rice University	United States of America (USA)	143.37	539.0
188	University of Geneva (UNIGE)	Switzerland	143.32	541.0
189	China Meteorological Administration (CMA)	China	142.4	496.0
190	Nanjing University of Aeronautics and Astronautics (NUAA)	China	141.53	295.0
191	King's College London (KCL)	United Kingdom (UK)	140.47	724.0
192	Rutgers, The State University of New Jersey (RU)	United States of America (USA)	139.43	748.0
193	Yunnan University (YNU)	China	138.78	477.0
194	China University of Geosciences, Beijing (CUGB)	China	138.15	483.0
195	Kunming University of Science and Technology (KUST)	China	137.54	289.0
196	Uppsala University (UU)	Sweden	136.79	784.0
197	Delft University of Technology (TU Delft)	Netherlands	134.76	371.0
198	University of Freiburg (Uni Freiburg)	Germany	134.1	509.0
199	University of Amsterdam (UvA)	Netherlands	133.7	985.0
200	Hebrew University of Jerusalem (HUJI)	Israel	132.89	369.0
201	Northwest A&F University (NWAFU)	China	132.88	263.0
202	Indian Institute of Science (IISc)	India	132.79	262.0
203	National Institute for Materials Science (NIMS)	Japan	132.5	538.0
204	Hainan University	China	132.13	477.0
205	Nanjing Medical University (NJMU)	China	132.0	461.0
206	Tianjin University of Technology (TJUT)	China	131.2	399.0
207	University of Groningen (RUG)	Netherlands	130.84	639.0
208	Memorial Sloan Kettering Cancer Center (MSKCC)	United States of America (USA)	130.16	532.0
209	Kyushu University	Japan	130.06	431.0
210	University of Münster (WWU)	Germany	129.47	496.0
211	University of Bonn (Uni Bonn)	Germany	129.44	607.0
212	Hokkaido University	Japan	128.87	387.0
213	Carnegie Mellon University (CMU)	United States of America (USA)	127.63	442.0
214	University of Virginia (UVA)	United States of America (USA)	127.49	675.0
215	Northwest University (NWU)	China	126.93	313.0
216	University of Bristol (UoB)	United Kingdom (UK)	125.99	630.0
217	Southwest Jiaotong University (SWJTU)	China	125.8	273.0
218	Tel Aviv University (TAU)	Israel	125.78	463.0
219	Czech Academy of Sciences (CAS)	Czech Republic	125.4	545.0
220	Lund University (LU)	Sweden	125.28	592.0
221	Michigan State University (MSU)	United States of America (USA)	124.51	684.0
222	Hebei University (HBU)	China	124.27	311.0
223	Free University of Berlin (FU Berlin)	Germany	124.19	891.0
224	North Carolina State University (NCSU)	United States of America (USA)	123.35	390.0
225	The University of Arizona (Arizona)	United States of America (USA)	123.01	682.0
226	RWTH Aachen University (RWTH Aachen)	Germany	122.61	612.0
227	Ningbo University (NBU)	China	122.52	373.0
228	Taiyuan University of Technology (TYUT)	China	122.3	252.0
229	Arizona State University (ASU)	United States of America (USA)	122.23	471.0
230	University of Würzburg (JMU)	Germany	122.04	463.0
231	Nantong University (NTU)	China	121.53	256.0
232	University of Basel (UB)	Switzerland	120.9	520.0
233	Shandong Normal University (SDNU)	China	120.29	270.0
234	Brown University	United States of America (USA)	120.09	515.0
235	China Pharmaceutical University (CPU)	China	120.01	225.0
236	National Research Council (CNR)	Italy	119.05	671.0
237	Leiden University	Netherlands	118.44	569.0
238	Ministry of Natural Resources (MNR)	China	117.93	735.0
239	University of California, Riverside (UCR)	United States of America (USA)	117.45	386.0
240	Ulsan National Institute of Science and Technology (UNIST)	South Korea	116.85	295.0
241	Sorbonne University	France	116.66	1348.0
242	China University of Petroleum, East China (UPC)	China	114.64	579.0
243	Nanjing University of Posts and Telecommunications (NUPT)	China	114.52	352.0
244	National Aeronautics and Space Administration (NASA)	United States of America (USA)	114.32	673.0
245	Zhejiang Normal University (ZJNU)	China	114.26	270.0
246	Guangzhou University (GU)	China	114.23	406.0
247	University of Paris-Saclay	France	114.06	1091.0
248	TU Dresden	Germany	113.95	641.0
249	University of Erlangen-Nuremberg (FAU)	Germany	113.91	413.0
250	Nanjing University of Information Science and Technology (NUIST)	China	113.52	390.0
251	The University of Texas MD Anderson Cancer Center	United States of America (USA)	112.48	507.0
252	Nanjing Forestry University (NFU)	China	112.47	369.0
253	Technical University of Denmark (DTU)	Denmark	112.26	427.0
254	China University of Mining and Technology (CUMT)	China	112.17	314.0
255	Scientific Institute for Research, Hospitalization and Healthcare (IRCCS)	Italy	112.0	780.0
256	University of Tübingen (Uni Tübingen)	Germany	111.91	522.0
257	Baylor College of Medicine (BCM)	United States of America (USA)	111.75	501.0
258	Johannes Gutenberg University Mainz (JGU)	Germany	111.33	555.0
259	Argonne National Laboratory (ANL)	United States of America (USA)	111.28	532.0
260	Inner Mongolia University	China	111.1	276.0
261	University of Vienna	Austria	110.78	428.0
262	University of Shanghai for Science and Technology (USST)	China	109.05	304.0
263	Xiangtan University (XTU)	China	108.96	222.0
264	Technion-Israel Institute of Technology (IIT)	Israel	108.86	316.0
265	Ghent University (UGent)	Belgium	108.46	469.0
266	University of Hamburg (UHH)	Germany	107.77	670.0
267	Australian National University (ANU)	Australia	107.6	442.0
268	University of Birmingham	United Kingdom (UK)	107.18	562.0
269	University of Oslo (UiO)	Norway	106.59	502.0
270	Colorado State University	United States of America (USA)	106.19	395.0
271	Hebei University of Technology (HEBUT)	China	106.13	264.0
272	U.S. Department of Veterans Affairs	United States of America (USA)	105.92	873.0
273	Nanjing Agricultural University (NAU)	China	105.8	293.0
274	Anhui Normal University (AHNU)	China	105.69	220.0
275	University of Barcelona (UB)	Spain	103.68	754.0
276	University of Bern (UniBE)	Switzerland	103.29	500.0
277	University of Colorado Anschutz Medical Campus (CU Anschutz)	United States of America (USA)	103.28	472.0
278	Oak Ridge National Laboratory (ORNL)	United States of America (USA)	103.17	426.0
279	Université PSL	France	102.4	1095.0
280	University of Göttingen	Germany	102.35	432.0
281	National University of Defense Technology (NUDT)	China	102.23	238.0
282	University of Rochester (UR)	United States of America (USA)	101.85	415.0
283	Pacific Northwest National Laboratory (PNNL)	United States of America (USA)	101.47	295.0
284	Hanyang University (HYU)	South Korea	100.96	337.0
285	State University of New York at Stony Brook (SUNY Stony Brook)	United States of America (USA)	100.65	596.0
286	Humboldt University of Berlin (HU Berlin)	Germany	100.22	821.0
287	Hunan Normal University (HUNNU)	China	100.03	277.0
288	Polish Academy of Sciences (PAS)	Poland	99.62	406.0
289	Agency for Science, Technology and Research (A*STAR)	Singapore	99.36	497.0
290	University of Glasgow	United Kingdom (UK)	98.93	560.0
291	University of Jinan (UJN)	China	98.71	251.0
292	Capital Medical University	China	98.47	483.0
293	University of Helsinki	Finland	98.33	629.0
294	Radboud University Nijmegen (RU)	Netherlands	97.97	629.0
295	China Academy of Engineering Physics (CAEP)	China	97.6	417.0
296	University of Padova (UNIPD)	Italy	97.25	537.0
297	Council of Scientific and Industrial Research (CSIR)	India	97.24	244.0
298	Indian Institute of Technology Bombay (IIT Bombay)	India	96.94	182.0
299	Henan Normal University	China	96.77	486.0
300	Barcelona Institute of Science and Technology (BIST)	Spain	96.71	378.0
301	Shanxi University (SXU)	China	96.19	353.0
302	University of Cologne (UoC)	Germany	96.01	429.0
303	Paris Cité University	France	95.82	1284.0
304	Changzhou University (CZU)	China	95.82	217.0
305	Yanshan University (YSU)	China	95.72	187.0
306	Huazhong Agricultural University (HZAU)	China	95.18	257.0
307	Chengdu University of Technology (CDUT)	China	94.55	250.0
308	Xidian University	China	94.54	227.0
309	The University of Nottingham (UoN)	United Kingdom (UK)	94.24	363.0
310	Fujian Normal University (FNU)	China	93.96	256.0
311	Durham University	United Kingdom (UK)	92.67	335.0
312	Brookhaven National Laboratory (BNL)	United States of America (USA)	92.64	446.0
313	VU Amsterdam	Netherlands	91.71	817.0
314	University of Leeds	United Kingdom (UK)	91.35	424.0
315	Zhejiang Sci-Tech University (ZSTU)	China	91.34	242.0
316	Stockholm University	Sweden	91.1	580.0
317	Virginia Polytechnic Institute and State University (Virginia Tech)	United States of America (USA)	90.9	277.0
318	Chongqing Medical University (CQMU)	China	90.83	257.0
319	Central China Normal University (CCNU)	China	90.54	376.0
320	Erasmus University Rotterdam (EUR)	Netherlands	90.04	426.0
321	The University of Adelaide (Adelaide Uni)	Australia	89.94	431.0
322	University of Liverpool	United Kingdom (UK)	89.94	579.0
323	Eindhoven University of Technology (TU	Netherlands	89.33	206.0
324	Academia Sinica	Taiwan	89.26	421.0
325	The French Alternative Energies and Atomic Energy Commission (CEA)	France	89.24	1065.0
326	The University of Georgia (UGA)	United States of America (USA)	88.88	301.0
327	UK Research and Innovation (UKRI)	United Kingdom (UK)	88.22	868.0
328	Xinjiang University (XJU)	China	87.96	211.0
329	Ruhr University Bochum (RUB)	Germany	87.8	419.0
330	South China Agricultural University (SCAU)	China	87.76	313.0
331	Dartmouth College	United States of America (USA)	87.75	290.0
332	Hangzhou Normal University (HZNU)	China	87.43	293.0
333	University of Massachusetts Amherst (UMass Amherst)	United States of America (USA)	85.59	335.0
334	University of Cincinnati (UC)	United States of America (USA)	85.49	400.0
335	Sapienza University of Rome	Italy	84.95	464.0
336	Wenzhou University (WZU)	China	84.91	206.0
337	Xi'an University of Architecture and Technology (XAUAT)	China	84.86	173.0
338	Tata Institute of Fundamental Research (TIFR)	India	84.28	227.0
339	Homi Bhabha National Institute (HBNI)	India	84.26	274.0
340	Goethe University Frankfurt (GU)	Germany	84.11	471.0
341	Anhui Medical University (AHMU)	China	84.09	246.0
342	Harbin Engineering University (HEU)	China	84.03	437.0
343	University of Lausanne (UNIL)	Switzerland	83.98	342.0
344	University of Exeter	United Kingdom (UK)	83.3	374.0
345	Autonomous University of Madrid (UAM)	Spain	82.23	597.0
346	University of Connecticut (UConn)	United States of America (USA)	82.17	268.0
347	Scripps Research	United States of America (USA)	81.95	228.0
348	Institute for Basic Science (IBS)	South Korea	81.71	360.0
349	Queen Mary University of London (QMUL)	United Kingdom (UK)	81.55	469.0
350	University of Waterloo	Canada	80.47	280.0
351	University of Ottawa (uOttawa)	Canada	79.83	325.0
352	University of Gothenburg (GU)	Sweden	79.4	414.0
353	McMaster University	Canada	79.39	336.0
354	Beijing Forestry University (BFU)	China	79.3	228.0
355	Chalmers University of Technology (Chalmers)	Sweden	79.27	280.0
356	University of Calgary (U of C)	Canada	79.15	335.0
357	Northeastern University (NU)	United States of America (USA)	79.14	349.0
358	Los Alamos National Laboratory (LANL)	United States of America (USA)	78.53	445.0
359	Iowa State University	United States of America (USA)	78.25	412.0
360	Indian Institute of Technology Madras (IIT Madras)	India	77.98	234.0
361	Assistance Publique-Hôpitaux de Paris (AP-HP)	France	77.42	661.0
362	China University of Petroleum, Beijing (CUP)	China	77.12	257.0
363	University of Montreal (UdeM)	Canada	76.59	489.0
364	Wenzhou Medical University (WMU)	China	76.57	270.0
365	Oregon Health and Science University (OHSU)	United States of America (USA)	76.46	289.0
366	Charles University (CU)	Czech Republic	76.15	444.0
367	University of Notre Dame (ND)	United States of America (USA)	76.03	302.0
368	U.S. Department of Defense (DoD)	United States of America (USA)	76.02	378.0
369	National Tsing Hua University (NTHU)	Taiwan	75.89	260.0
370	Indian Institute of Technology Kanpur (IIT Kanpur)	India	75.71	151.0
371	University of the Basque Country (UPV	Spain	75.27	415.0
372	Indian Institute of Technology Guwahati (IIT Guwahati)	India	75.21	108.0
373	University of Lyon	France	75.06	639.0
374	Wageningen University & Research (WUR)	Netherlands	74.57	265.0
375	University of Southampton (Soton)	United Kingdom (UK)	74.54	419.0
376	Chang'an University	China	74.46	224.0
377	The University of Alabama at Birmingham (UAB)	United States of America (USA)	74.44	382.0
378	Cardiff University	United Kingdom (UK)	74.27	312.0
379	University of Illinois at Chicago (UIC)	United States of America (USA)	74.22	299.0
380	Shaanxi University of Science and Technology (SUST)	China	74.16	142.0
381	University of São Paulo (USP)	Brazil	73.96	441.0
382	University of Southern Denmark (SDU)	Denmark	73.89	334.0
383	Indian Institute of Science Education and Research Kolkata (IISER Kolkata)	India	73.84	112.0
384	Fujian Agriculture and Forestry University (FAFU)	China	73.83	205.0
385	University of Macau (UM)	China	73.55	345.0
386	The University of Warwick (Warwick)	United Kingdom (UK)	73.54	411.0
387	KTH Royal Institute of Technology	Sweden	73.39	523.0
388	St. Jude Children's Research Hospital (St. Jude)	United States of America (USA)	72.4	217.0
389	Northeast Forestry University (NEFU)	China	72.22	193.0
390	The University of Iowa (UI)	United States of America (USA)	72.03	396.0
391	National Oceanic and Atmospheric Administration (NOAA)	United States of America (USA)	71.88	312.0
392	Norwegian University of Science and Technology (NTNU)	Norway	71.71	284.0
393	Hubei University (HUBU)	China	71.5	194.0
394	The University of Auckland	New Zealand	71.34	304.0
395	Case Western Reserve University (CWRU)	United States of America (USA)	70.03	309.0
396	Western University (UWO)	Canada	68.72	252.0
397	Roche	Switzerland	68.65	198.0
398	Vienna University of Technology (TU Wien)	Austria	68.51	264.0
399	University of Lisbon (ULISBOA)	Portugal	68.35	358.0
400	Indian Institute of Technology Delhi (IIT Delhi)	India	68.15	117.0
401	University of Naples Federico II (UNINA)	Italy	68.01	400.0
402	Aalto University	Finland	67.72	304.0
403	Southwest University of Science and Technology (SWUST)	China	67.52	144.0
404	Polytechnic University of Milan	Italy	67.46	234.0
405	National Institute of Standards and Technology (NIST)	United States of America (USA)	67.45	263.0
406	Grenoble Alpes University (UGA)	France	67.29	682.0
407	University of Regensburg (UR)	Germany	67.08	227.0
408	Tianjin Medical University (TMU)	China	66.93	240.0
409	University of South China (USC)	China	66.89	230.0
410	Technische Universität Berlin (TU Berlin)	Germany	66.83	274.0
411	Korea Institute of Science and Technology (KIST)	South Korea	66.56	307.0
412	University of Bologna (UNIBO)	Italy	66.44	502.0
413	University of Houston (UH)	United States of America (USA)	66.28	276.0
414	Indian Association for the Cultivation of Science (IACS)	India	65.93	129.0
415	Ben-Gurion University of the Negev (BGU)	Israel	64.88	181.0
416	Beijing Jiaotong University (BJTU)	China	64.44	163.0
417	University of Warsaw (UW)	Poland	64.19	248.0
418	University of California, Santa Cruz (UCSC)	United States of America (USA)	64.17	453.0
419	University of Hawai'i at Manoa (UH Mānoa)	United States of America (USA)	64.1	506.0
420	Chinese Center for Disease Control and Prevention (China CDC)	China	64.04	365.0
421	Florida State University (FSU)	United States of America (USA)	63.98	402.0
422	University at Buffalo, The State University of New York (SUNY UB)	United States of America (USA)	63.87	234.0
423	Guangzhou Medical University (GMU)	China	63.83	354.0
424	National Yang Ming Chiao Tung University (NYCU)	Taiwan	63.58	244.0
425	Jiangsu University of Science and Technology (JUST)	China	62.96	121.0
426	Wuhan University of Science and Technology (WUST)	China	62.62	168.0
427	Shandong University of Technology	China	62.48	135.0
428	University of Tsukuba	Japan	62.41	292.0
429	Complutense University of Madrid (UCM)	Spain	62.18	405.0
430	University of Massachusetts Chan Medical School (UMass Chan Medical School)	United States of America (USA)	62.05	258.0
431	U.S. Department of Health and Human Services (HHS)	United States of America (USA)	61.94	182.0
432	Lawrence Livermore National Laboratory (LLNL)	United States of America (USA)	61.85	217.0
433	Catholic University of Louvain (UCLouvain)	Belgium	61.75	289.0
434	The University of Tennessee at Knoxville (UTK)	United States of America (USA)	61.6	337.0
435	The Rockefeller University	United States of America (USA)	61.59	219.0
436	University of Miami (UM)	United States of America (USA)	61.3	325.0
437	University of Delaware (UD)	United States of America (USA)	60.95	236.0
438	Kyung Hee University (KHU)	South Korea	60.87	247.0
439	Jiangxi Normal University (JXNU)	China	60.84	149.0
440	Northwest Normal University (NWNU)	China	60.82	107.0
441	National Bureau of Economic Research (NBER)	United States of America (USA)	60.79	266.0
442	University of Valencia (UV)	Spain	60.73	394.0
443	The Francis Crick Institute	United Kingdom (UK)	60.73	171.0
444	Queensland University of Technology (QUT)	Australia	60.57	251.0
445	State Grid Corporation of China (SGCC)	China	60.5	294.0
446	University of Strasbourg	France	60.2	503.0
447	Renmin University of China (RUC)	China	59.99	238.0
448	Qufu Normal University (QFNU)	China	59.28	172.0
449	National Institute of Advanced Industrial Science and Technology (AIST)	Japan	58.61	189.0
450	University of Florence (UNIFI)	Italy	58.55	335.0
451	Guangxi Normal University (GXNU)	China	58.55	172.0
452	Paul Scherrer Institute (PSI)	Switzerland	58.21	301.0
453	U.S. Geological Survey (USGS)	United States of America (USA)	58.09	197.0
454	Sichuan Agricultural University (SAU)	China	58.02	136.0
455	Suzhou University of Science and Technology	China	57.95	190.0
456	Fred Hutchinson Cancer Center	United States of America (USA)	57.86	372.0
457	The University of Sheffield	United Kingdom (UK)	57.82	308.0
458	The City University of New York (CUNY)	United States of America (USA)	57.78	254.0
459	University of Montpellier	France	57.65	544.0
460	University of Duisburg-Essen (UDE)	Germany	57.32	277.0
461	European Organization for Nuclear Research (CERN)	Switzerland	57.19	345.0
462	Shandong First Medical University and Shandong Academy of Medical Sciences (SFMU)	China	56.63	258.0
463	Indian Institute of Science Education and Research Thiruvananthapuram (IISER TVM)	India	56.24	76.0
464	National Autonomous University of Mexico (UNAM)	Mexico	56.19	242.0
465	Italian Institute of Technology (IIT)	Italy	56.16	189.0
466	University of York	United Kingdom (UK)	55.88	212.0
467	Heinrich Heine University Düsseldorf (HHU)	Germany	55.84	315.0
468	Xi'an University of Technology (XUT)	China	55.51	143.0
469	University of Stuttgart	Germany	55.28	194.0
470	Hungarian Academy of Sciences (HAS)	Hungary	55.12	304.0
471	Technical University of Darmstadt (TU Darmstadt)	Germany	55.09	220.0
472	Keio University	Japan	55.02	195.0
473	Linköping University (LiU)	Sweden	54.99	273.0
474	National Cheng Kung University (NCKU)	Taiwan	54.76	181.0
475	Institute of Health Carlos III (ISCIII)	Spain	54.74	622.0
476	Indian Institute of Technology Kharagpur (IIT Kharagpur)	India	54.59	88.0
477	Academy of Scientific and Innovative Research (AcSIR)	India	54.51	194.0
478	University of Maryland, Baltimore (UMB)	United States of America (USA)	54.28	248.0
479	Louisiana State University (LSU)	United States of America (USA)	54.09	252.0
480	China Three Gorges University (CTGU)	China	54.05	133.0
481	The University of Oklahoma (OU)	United States of America (USA)	54.04	295.0
482	Philipps University of Marburg (Uni Marburg)	Germany	53.86	233.0
483	Anhui University of Technology	China	53.69	125.0
484	Harbin Medical University (HMU)	China	53.68	176.0
485	University of Kiel (CAU)	Germany	53.52	309.0
486	Cleveland Clinic	United States of America (USA)	53.28	306.0
487	Tiangong University (TGU)	China	53.23	174.0
488	AstraZeneca	United Kingdom (UK)	53.21	173.0
489	Chinese University of Hong Kong, Shenzhen (CUHKSZ)	China	53.08	225.0
490	Indian Institute of Science Education and Research Pune (IISER Pune)	India	53.03	141.0
491	University of Technology Sydney (UTS)	Australia	52.89	224.0
492	Children's Hospital of Philadelphia (CHOP)	United States of America (USA)	52.86	290.0
493	University of Konstanz	Germany	52.84	139.0
494	Laval University (UL)	Canada	52.72	264.0
495	The University of Texas Health Science Center at Houston (UTHealth)	United States of America (USA)	52.67	275.0
496	Leipzig University	Germany	52.6	332.0
497	Tufts University	United States of America (USA)	52.52	352.0
498	Jagiellonian University (UJ)	Poland	52.19	218.0
499	Albert Einstein College of Medicine (Einstein)	United States of America (USA)	51.89	231.0
500	National Scientific and Technical Research Council (CONICET)	Argentina	51.87	349.0
